Product Link,Title,Promotion,Actual Price,Discounted Price,Category,Description,Sizes
https://in.puma.com/in/en/pd/flexrate-mens-sneakers/392754?swatch=02,Flexrate Men's Sneakers,Buy 2 & Get 50% off + Extra 40% Off,"₹4,499","₹1,929",Sneakers,"The Puma Flexrate Men's Sneakers will take your game to the next level with the ultimate fusion of classic style and modern design! With a sleek textile upper and contrast PUMA Formstrip, these sneakers are sure to turn heads on and off the court. The durable outsole provides superior traction, while the PUMA cat logo gives a sporty finish.",['UK 9']
https://in.puma.com/in/en/pd/studio-cloudspun-womens-relaxed-fit-crew-neck-training-sweatshirt/525688?swatch=01,STUDIO CLOUDSPUN Women's Relaxed Fit Crew-Neck Training Sweatshirt,Extra 15% off at checkout,"₹4,999","₹2,249",Sweatshirt,"Designed for yoga, this relaxed crew is your everyday essential. Made from soft, sweat-wicking CLOUDSPUN fabric, its lightweight comfort moves with your body. Short sleeves and a ribbed neckline let you flow through sun salutations to savasana with ease.","['XS', 'S', 'M', 'L', 'XL']"
https://in.puma.com/in/en/pd/warmcell-lightweight-slim-fit-mens-jacket/849401?swatch=06,warmCELL Lightweight Slim Fit Men's Jacket,Extra 15% off at checkout,"₹6,999","₹3,149",Jacket,"If you’re a dedicated style icon, you want the whole world to know. step it up by donning this uber cool piece. No matter what the weather throws at you, you'll stay snug and dry while looking cool in our Padded Woven Jacket which, thanks to PUMA's innovative fabric technology, will help protect you from the wind, rain and cold. Forwarded side seams allow for greater freedom of movement, and the hood has elasticated sides for a better fit. The inner storm flap adds an extra layer of protection against the toughest weather conditions.","['S', 'M', 'L', 'XL']"
https://in.puma.com/in/en/pd/studio-cloudspun-womens-relaxed-fit-crew-neck-training-sweatshirt/525688?swatch=49,STUDIO CLOUDSPUN Women's Relaxed Fit Crew-Neck Training Sweatshirt,Extra 15% off at checkout,"₹4,999","₹2,249",Sweatshirt,"Designed for yoga, this relaxed crew is your everyday essential. Made from soft, sweat-wicking CLOUDSPUN fabric, its lightweight comfort moves with your body. Short sleeves and a ribbed neckline let you flow through sun salutations to savasana with ease.","['S', 'M', 'L', 'XL']"
https://in.puma.com/in/en/pd/run-favorite-mens-woven-running-jacket/523155?swatch=34,Run Favorite Men's Woven Running Jacket,Extra 15% off at checkout,"₹4,999","₹2,249",Jacket,"A go-to for those chilly runs, this woven running jacket is packed with details designed to take your performance to the next level. Secure construction and dryCELL technology combine to create a fresh look with the feel-good factor – so you can focus on what's up ahead.","['S', 'M', 'L', 'XL']"
https://in.puma.com/in/en/pd/bmw-m-motorsport-womens-relaxed-fit-sweat-jacket/627495?swatch=04,BMW M Motorsport Women's Relaxed Fit Sweat Jacket,Extra 15% off at checkout,"₹6,999","₹3,149",Jacket,"This hooded sweat jacket is part of our core collection that combines sportswear with the exciting world of BMW M Motorsport. Express your passion for high-performance racing with this sleek style, featuring details inspired by the BMW M Hybrid V8.","['M', 'L', 'XL']"
https://in.puma.com/in/en/pd/olympique-de-marseille-23-24-mens-away-jersey/771335?swatch=02,Olympique de Marseille 23/24 Men's Away Jersey,Extra 15% off at checkout,"₹5,499","₹2,469",Jersey,"The 23/24 OM Away jersey is an ode to the city of Marseille and its maritime heritage, back when it was called Massilia during its Latin period. Inspired by the sea charts so important in the city's history and the fishermen who have always relied on the Bonne Mère for protection at sea, theblue and white colours of the jersey evoke the Mediterranean and the waves that cradle the city of Marseille, while the patterns recall the traditional nautical charts used by sailors and fishermen for centuries. Represent the players, this beautiful city, and its colourful heritage and become the 12th man, both at the Velodrome and away from home.","['XS', 'S', 'M']"
https://in.puma.com/in/en/pd/olympique-de-marseille-23-24-mens-football-home-jersey/771281?swatch=01,Olympique de Marseille 23/24 Men's Football Home Jersey,Extra 15% off at checkout,"₹5,499","₹2,469",Jersey,"The 23/24 OM Home jersey goes back to the origins of Marseille, way back to when it was the Greek port of Massalia. To honour this heritage, the artistry on the kit takes inspiration from the chalky rocks those first Greek settlers walked on. It's an expression of love not only for OM, but this jersey is as much a celebration of one of Europe's finest football clubs as it is the history of Marseille. Allez l'OM.","['XS', 'S', 'XL']"
https://in.puma.com/in/en/pd/crew-mens-regular-fit-sweat-shirt/670294?swatch=02,Crew Men's Regular Fit Sweat Shirt,Extra 15% off at checkout,"₹2,999","₹1,349",Shirt,"With a fit that will flatter anyone, the PUMA Crew Men's Sweat Shirt is here to make your casual style even better. Featuring a crew neck, soft fabric and bold PUMA branding, this sweat shirt is a must-have addition to your collection.","['S', 'M', 'L', 'XL']"
https://in.puma.com/in/en/pd/scorch-runner-v2-mens-running-shoes/379988?swatch=03,Scorch Runner V2 Men's Running Shoes,Buy 2 & Get 50% off + Extra 40% Off,"₹4,999","₹2,349",Shoes,"Slip into the future with the PUMA Scorch Runner V2 Men's Shoes perfect for the urban runner on the go. These sleek kicks feature a lightweight mesh upper for breathability and comfort, with pull tabs for easy on and off. The SOFTFOAM+ sockliner provides a plush feel underfoot, while the PUMA Formstrip adds a touch of edge to your look.","['UK 6', 'UK 11']"
https://in.puma.com/in/en/pd/olympique-de-marseille-23-24-third-mens-jersey/771344?swatch=03,Olympique de Marseille 23/24 Third Men's Jersey,Extra 15% off at checkout,"₹5,499","₹2,469",Jersey,"The 23/24 Olympique de Marseille third jersey takes you behind the badge to explore what being a true fan of Les Olympiens is all about – on and off the pitch. So, gear up and show your allegiance to l'OM.",[]
https://in.puma.com/in/en/pd/robust-running-shoes/194883?swatch=03,Robust Running Shoes,Buy 2 & Get 50% off + Extra 40% Off,"₹4,999","₹2,249",Shoes,"Elevate your stride and make a statement with every step. With a fashionable upper design, these shoes offer a stylish approach to everyday cushioning. The lightweight construction provides optimal comfort for your daily runs.","['UK 9', 'UK 10']"
https://in.puma.com/in/en/pd/bmw-m-motorsport-mt7-mens-track-jacket/624139?swatch=01,BMW M Motorsport MT7+ Men's Track Jacket,Extra 15% off at checkout,"₹8,999","₹4,229",Jacket,"BMW M Motorsport has never been afraid of making a statement – it has always had bold cars and even bolder liveries. Here, we've taken our iconic '70s-era T7 track suit and fashioned with the the motorsport legends for a cool new look. This track jacket features the insignia of the marque as the signature T7 panels down the sleeves. It's built with our dryCELL tech to keep you dry at the track.","['XS', 'S', 'M', 'L', 'XL', 'XXL']"
https://in.puma.com/in/en/pd/f1-motorsport-womens-leggings/625882?swatch=01,F1 Motorsport Women's Leggings,Extra 15% off at checkout,"₹4,499","₹2,109",Leggings,"Step into the fast lane with the F1 Motorsport Women's Leggings. Emblazoned with the iconic F1 logo, these leggings are a must-have for fans who want to showcase their love for the sport with a sleek, athletic edge.These leggings are a seamless blend of comfort and motorsport style, featuring a snug elasticated waist for a perfect fit that stays put as you move. Made from soft cotton, they offer all-day comfort whether you're at the race track or just enjoying a casual day out.","['XS', 'S', 'M', 'L', 'XL']"
https://in.puma.com/in/en/pd/x-ray-2-square-superior-comfort-casual-shoes/402200?swatch=07,X-Ray 2 Square Superior Comfort Casual Shoes,Extra 15% off at checkout,"₹7,999","₹3,759",Shoes,"Break the mould with the PUMA X-Ray! A bold mix of futuristic design and supreme comfort, these sneakers are made to make an impact. With their striking layered look and edgy vibe, they’ll have you stepping into the future with confidence. Ready to turn heads and own the streets? Let the X-Ray vision take over!","['UK 3', 'UK 4', 'UK 5', 'UK 6', 'UK 7', 'UK 8', 'UK 9', 'UK 10', 'UK 11']"
https://in.puma.com/in/en/pd/f1-full-zip-mens-motorsport-hoodie/626411?swatch=01,F1® Full-Zip Men's Motorsport Hoodie,Extra 15% off at checkout,"₹6,999","₹3,289",Hoodie,For true F1® fans who live life in the fast lane. This full-zip hoodie blends iconic style with comfort. Show your passion for the track with bold F1® and PUMA branding. Built for wherever the open road takes you.,"['XS', 'S', 'M', 'L', 'XL', 'XXL']"
https://in.puma.com/in/en/pd/f1-full-zip-mens-motorsport-hoodie/626411?swatch=04,F1® Full-Zip Men's Motorsport Hoodie,Extra 15% off at checkout,"₹6,999","₹3,149",Hoodie,For true F1® fans who live life in the fast lane. This full-zip hoodie blends iconic style with comfort. Show your passion for the track with bold F1® and PUMA branding. Built for wherever the open road takes you.,"['XS', 'S', 'M', 'L', 'XL', 'XXL']"
https://in.puma.com/in/en/pd/x-ray-2-square-superior-comfort-casual-shoes/402200?swatch=05,X-Ray 2 Square Superior Comfort Casual Shoes,Extra 15% off at checkout,"₹7,999","₹3,759",Shoes,"Break the mould with the PUMA X-Ray! A bold mix of futuristic design and supreme comfort, these sneakers are made to make an impact. With their striking layered look and edgy vibe, they’ll have you stepping into the future with confidence. Ready to turn heads and own the streets? Let the X-Ray vision take over!","['UK 3', 'UK 4', 'UK 6', 'UK 7', 'UK 8', 'UK 9', 'UK 10', 'UK 11']"
https://in.puma.com/in/en/pd/padded-slim-fit-womens-jacket/670489?swatch=35,Padded Slim Fit Women's Jacket,Extra 15% off at checkout,"₹6,999","₹3,289",Jacket,"The cold nights are almost here and we that PUMA Padded Women's Woven Jacket ready for you to defend yourself. With forwarded side seams for freedom of movement and reflective brand elements for safety in low-light conditions, you'll be prepared for whatever weather is coming your way, all while looking your best.","['XS', 'S', 'M', 'L', 'XL']"
https://in.puma.com/in/en/pd/bmw-m-motorsport-womens-polo/624182?swatch=01,BMW M Motorsport Women's Polo,Extra 15% off at checkout,"₹3,999","₹1,879",Polo,Show your love for BMW M Motorsport in this women's polo. The cropped-length polo features BMW M Motorsport branding on the left side with the PUMA Cat logo on the right sleeve. See you on the track.,"['XS', 'M', 'L', 'XL']"
https://in.puma.com/in/en/pd/x-ray-2-square-superior-comfort-casual-shoes/402200?swatch=13,X-Ray 2 Square Superior Comfort Casual Shoes,Extra 15% off at checkout,"₹7,999","₹3,759",Shoes,"Break the mould with the PUMA X-Ray! A bold mix of futuristic design and supreme comfort, these sneakers are made to make an impact. With their striking layered look and edgy vibe, they’ll have you stepping into the future with confidence. Ready to turn heads and own the streets? Let the X-Ray vision take over!","['UK 3', 'UK 6', 'UK 7', 'UK 8', 'UK 9', 'UK 10', 'UK 11']"
https://in.puma.com/in/en/pd/badminton-smash-sprint-indoor-sports-shoes/108127?swatch=02,Badminton Smash Sprint Indoor Sports Shoes,Extra 15% off at checkout,"₹4,999","₹2,349",Shoes,"Ready for the smash? Experience the revolution of Variofoam, offering a lightweight cushion that propels you to leap and lunge with ease. The Variomesh upper envelopes your feet in unparalleled breathability and comfort, keeping you cool as the match heats up. Designed with a non-marking outsole for flawless movement and a stability frame that delivers exceptional lateral and medial support, these shoes are the ultimate ally in every intense rally.","['UK 3', 'UK 4', 'UK 5', 'UK 6', 'UK 7', 'UK 8', 'UK 9', 'UK 10', 'UK 11']"
https://in.puma.com/in/en/pd/womens-lightweight-padded-jacket/849342?swatch=01,Women's Lightweight Padded Jacket,Extra 15% off at checkout,"₹6,999","₹3,289",Jacket,"Featuring a cozy padded body for ultimate comfort, the PUMA Lightweight Padded Women's Woven Jacket is a must-have modern essential. Cold weather can't stop you from being the free bird you are.","['XS', 'S', 'M']"
https://in.puma.com/in/en/pd/bmw-m-motorsport-womens-polo/624182?swatch=05,BMW M Motorsport Women's Polo,Extra 15% off at checkout,"₹3,999","₹1,879",Polo,Show your love for BMW M Motorsport in this women's polo. The cropped-length polo features BMW M Motorsport branding on the left side with the PUMA Cat logo on the right sleeve. See you on the track.,"['M', 'L', 'XL']"
https://in.puma.com/in/en/pd/mens-regular-fit-hoodie/670293?swatch=01,Men's Regular Fit Hoodie,Extra 15% off at checkout,"₹3,999","₹1,879",Hoodie,"Rock a classic that's as timeless as it is everyday-ready in the PUMA Men's Knitted Hoodie. With bold PUMA branding and all the hallmarks of your favorite hoodie, there's a reason this hoodie is a must-have.","['S', 'M', 'L', 'XL', 'XXL']"
https://in.puma.com/in/en/pd/mens-regular-fit-hoodie/670293?swatch=02,Men's Regular Fit Hoodie,Extra 15% off at checkout,"₹3,999","₹1,879",Hoodie,"Rock a classic that's as timeless as it is everyday-ready in the PUMA Men's Knitted Hoodie. With bold PUMA branding and all the hallmarks of your favorite hoodie, there's a reason this hoodie is a must-have.","['S', 'M', 'L', 'XL', 'XXL']"
https://in.puma.com/in/en/pd/mens-regular-fit-hoodie/670293?swatch=05,Men's Regular Fit Hoodie,Extra 15% off at checkout,"₹3,999","₹1,879",Hoodie,"Rock a classic that's as timeless as it is everyday-ready in the PUMA Men's Knitted Hoodie. With bold PUMA branding and all the hallmarks of your favorite hoodie, there's a reason this hoodie is a must-have.","['S', 'M', 'L', 'XL', 'XXL']"
https://in.puma.com/in/en/pd/class-act-womens-relaxed-fit-crew-neck-sweatshirt/681693?swatch=01,CLASS ACT Women's Relaxed Fit Crew Neck Sweatshirt,Extra 15% off at checkout,"₹3,999","₹1,879",Sweatshirt,"Your everyday go-to – now with an edge. This relaxed-fit essential crew injects attitude into any outfit with a striking gold foil logo. Whether paired with jeans or joggers, its soft hand feel and laid-back style make it a statement piece for casual comfort with street-smart vibes.","['M', 'L', 'XL']"
https://in.puma.com/in/en/pd/puma-x-puma-jacket/532416?swatch=01,PUMA X PUMA Jacket,Extra 15% off at checkout,"₹8,999","₹4,229",Jacket,"The PUMA x PUMA collection looks back at the finest moments, designs and stories from our brand’s history to create a new, culturally relevant and authentic collection. It’s a mashup of past and present, made to celebrate both our heritage and future. Featuring clean lines, patchwork branding and a relaxed fit with flatlock seams for enhanced comfort, this haute hoodie will have you rocking retro chic with fashion-forward flair.","['XS', 'S', 'M', 'L', 'XL']"
https://in.puma.com/in/en/pd/knitted-mens-track-pants/598136?swatch=01,Knitted Men's Track Pants,Extra 15% off at checkout,"₹3,999","₹1,879",Pants,"Add a touch of class to your game in these classic track pants – with an adjustable elasticated waistband for supreme comfort, and subtle PUMA branding and piping down the leg to keep you looking slick even when you're lounging about.","['XS', 'S']"
https://in.puma.com/in/en/pd/classics-womens-cropped-hoodie/621409?swatch=04,Classics Women's Cropped Hoodie,Extra 15% off at checkout,"₹4,499","₹2,109",Hoodie,"The Classics are all about PUMA at its pared-back best. We've amped up our simple hoodie for a more fashion-forward look with a relaxed fit, cropped length, and some soft French terry jersey. Keep warm this season.","['L', 'XL']"
https://in.puma.com/in/en/pd/mercedes-amg-petronas-f1-drift-cat-decima-2-0-motorsport-sneakers/308430?swatch=02,Mercedes-AMG Petronas F1® Drift Cat Decima 2.0 Motorsport Sneakers,Buy 2 & Get 50% off + Extra 40% Off,"₹7,999","₹3,999",Sneakers,"Sleek style meets performance in the Mercedes-AMG Petronas F1® Drift Cat Decima 2.0 Sneakers. Part of the Cat Family, the Drift Cat Decima features a clean synthetic upper with perforation-like details and signature Mercedes-AMG Petronas F1® colours. Ideal for any race fan.","['UK 3', 'UK 6', 'UK 8', 'UK 9', 'UK 10']"
https://in.puma.com/in/en/pd/mens-slim-fit-sweat-jacket/670291?swatch=04,Men's Slim Fit Sweat Jacket,Extra 15% off at checkout,"₹3,999","₹1,879",Jacket,"Amp up your layering game with PUMA Men's Knitted Jacket. Featuring a full-zip closure, comfortable fabric that keeps you snug and PUMA's bold branding, this jacket is a great addition to your every day wardrobe.","['M', 'L']"
https://in.puma.com/in/en/pd/tec-sport-mens-regular-fit-jacket/848907?swatch=06,Tec Sport Men's Regular Fit Jacket,Extra 15% off at checkout,"₹5,999","₹2,819",Jacket,"Created both for those rigorous days at the gym and the casual days, the Tec Sport Men's Knitted Jacket with its sleek design and bold PUMA branding is sure to make an everlasting impact on the one wearing it as well as the ones noticing this beauty.",['XS']
https://in.puma.com/in/en/pd/mens-colorblock-padded-jacket/679051?swatch=31,Men's Colorblock Padded Jacket,Extra 15% off at checkout,"₹9,999","₹4,699",Jacket,"Bundle up and brave the cold in unmatched style with the Men's Colorblock Padded Jacket. The subtle colorblock design adds a modern twist to a winter staple. The added padding ensures optimum insulation against the cold, while the zip side pockets provide a secure space for your essentials. Whether you're navigating urban streets or exploring snowy trails, this woven jacket promises to be your reliable winter companion.",['L']
https://in.puma.com/in/en/pd/womens-lightweight-padded-jacket/846660?swatch=34,Women's Lightweight Padded Jacket,Extra 15% off at checkout,"₹6,999","₹3,289",Jacket,"Don't let the chilly days hold you down. The PUMA Lightweight Padded Women's Woven Jacket offers all the warmth without the weight along with PUMA's warmCELL technology for added insulation. Additionally, this high-performance jacket features sleek, minimalist lines, a full-zip closure with grown on chin guard for protection.",['XS']
https://in.puma.com/in/en/pd/puma-x-puma-sweatpants/532419?swatch=01,PUMA x PUMA Sweatpants,Extra 15% off at checkout,"₹6,999","₹3,289",Sweatpants,"The PUMA x PUMA collection looks back at the finest moments, designs and stories from our brand’s history to create a new, culturally relevant and authentic collection. It’s a mashup of past and present, made to celebrate both our heritage and future. Sport-inspired and street sleek, these sophisticated Sweat Pants exude vintage varsity vibes. With classic lines, patchwork branding and a relaxed fit with flatlock seams and a roomy gusset for enhanced comfort, you'll be luxuriously laid back.","['XXS', 'XS']"
https://in.puma.com/in/en/pd/anzarun-2-0-sneakers/389213?swatch=01,Anzarun 2.0 Sneakers,Extra 15% off at checkout,"₹6,999","₹3,289",Sneakers,"The Anzarun 2.0 is our latest modern lifestyle running-inspired shoe, with a clean look that’s perfect for every occasion. The upper features a mesh cut-out window with webbing that gives it a distinctly athletic look. The mixed midsole textures are one of the highlights of this ultra-comfortable style.",['UK 8']
https://in.puma.com/in/en/pd/power-womens-leggings/687215?swatch=01,POWER Women's Leggings,Extra 15% off at checkout,"₹2,799","₹1,319",Leggings,"Power through your day in effortless style with PUMA POWER Leggings. Our curve-hugging leggings move with you, whether you're off to brunch or the gym. With their PUMA No. 1 rubber print and elastic waistband, these leggings are your stylish secret weapon for everyday activities.","['XS', 'S', 'M', 'L', 'XL']"
https://in.puma.com/in/en/pd/f1-mens-motorsport-all-over-print-tee/625854?swatch=02,F1 Men's Motorsport All-Over Print Tee,Extra 15% off at checkout,"₹3,999","₹1,999",Tee,This F1® ESS tee is built for the superfan. It is made from a jersey fabric and features a chequered flag inspired all-over print graphic. See you at the next grand prix.,"['XS', 'S', 'M', 'L', 'XL']"
https://in.puma.com/in/en/pd/neymar-jr-bna-mens-football-jersey/659786?swatch=10,"Neymar JR ""BNA"" Men's Football Jersey",Extra 15% off at checkout,"₹3,499","₹1,739",Jersey,"Make a statement on the pitch in Neymar Jr's latest BNA kit. Built for Brazilian flair, the mesh inserts and regular fit empower slick skills and silky footwork. The ""BNA"" collection stands for Brazilian Natural Abilities, playing on the DNA that is naturally embedded into such great footballing talent and the culture where Neymar Jr comes from.","['XS', 'S', 'M', 'L', 'XL']"
https://in.puma.com/in/en/pd/foam-stride-mens-running-shoes/379992?swatch=02,Foam Stride Men's Running Shoes,Buy 2 & Get 50% off + Extra 40% Off,"₹4,499","₹2,249",Shoes,"Experience comfort and style in every stride with PUMA Foam Stride Men's Running Shoes- perfect for taking your runs to the next level. The breathable upper keeps your feet cool and dry, while the PUMA Formstrip adds a sleek touch. The durable outsole provides superior traction, while the 3D molded heel offers a secure fit.","['UK 6', 'UK 7', 'UK 8', 'UK 9', 'UK 10', 'UK 11']"
https://in.puma.com/in/en/pd/flexrate-mens-sneakers/392754?swatch=03,Flexrate Men's Sneakers,Buy 2 & Get 50% off + Extra 40% Off,"₹4,499","₹2,019",Sneakers,"The Puma Flexrate Men's Sneakers will take your game to the next level with the ultimate fusion of classic style and modern design! With a sleek textile upper and contrast PUMA Formstrip, these sneakers are sure to turn heads on and off the court. The durable outsole provides superior traction, while the PUMA cat logo gives a sporty finish.","['UK 6', 'UK 7', 'UK 8', 'UK 9', 'UK 10', 'UK 11']"
https://in.puma.com/in/en/pd/scorch-runner-v2-mens-running-shoes/379988?swatch=02,Scorch Runner V2 Men's Running Shoes,Buy 2 & Get 50% off + Extra 40% Off,"₹4,999","₹2,349",Shoes,"Slip into the future with the PUMA Scorch Runner V2 Men's Shoes perfect for the urban runner on the go. These sleek kicks feature a lightweight mesh upper for breathability and comfort, with pull tabs for easy on and off. The SOFTFOAM+ sockliner provides a plush feel underfoot, while the PUMA Formstrip adds a touch of edge to your look.","['UK 6', 'UK 7', 'UK 8', 'UK 9', 'UK 10', 'UK 11']"
https://in.puma.com/in/en/pd/classics-shiny-logo-womens-hoodie/625595?swatch=01,CLASSICS Shiny Logo Women's Hoodie,Extra 15% off at checkout,"₹4,499","₹2,239",Hoodie,"Classics are called classics for a reason. It's because, like this shiny logo hoodie, they're timeless. This comfort-fit women's hoodie is short sleeve with a crew neck and features a shiny graphic print on the front.","['XS', 'S', 'M', 'L', 'XL']"
https://in.puma.com/in/en/pd/mercedes-amg-petronas-f1-motorsport-backpack/090831?swatch=01,Mercedes-AMG Petronas F1® Motorsport Backpack,Buy 2 & Get 50% off + Extra 40% Off,"₹6,499","₹3,569",Backpack,Conquer any adventure in style with the Mercedes-AMG Petronas F1® Backpack. Premium details and optimal storage let you speed through your day. Zip pockets and mesh sides stash gear quickly so you're always ready for the next thrill. Show your F1® passion and accelerate your everyday.,['OSFA']
https://in.puma.com/in/en/pd/graphics-technisch-mens-relaxed-fit-crew-neck-sweatshirt/628191?swatch=11,"GRAPHICS ""Technisch"" Men's Relaxed Fit Crew-Neck Sweatshirt",Extra 15% off at checkout,"₹7,999","₹3,999",Sweatshirt,"Take on the day with confidence in the GRAPHICS ""Technisch"" Crewneck. A relaxed yet refined essential, it transforms the everyday with bold graphics inspired by the techniques of sport. Wear it from studio to street and make a statement in style.","['XS', 'S', 'M', 'L', 'XL', 'XXL']"
https://in.puma.com/in/en/pd/classics-artisanal-womens-relaxed-fit-hoodie/630416?swatch=45,CLASSICS Artisanal Women's Relaxed Fit Hoodie,Extra 15% off at checkout,"₹3,999","₹1,999",Hoodie,"This fashion-forward hoodie is a must-have staple for trendsetters. Soft yet structured, this printed suede essential is designed to take you from gym to street in style. With a relaxed fit and ribbed trims, it's the perfect blend of comfort and casual style.","['XS', 'S', 'M', 'L', 'XL']"
https://in.puma.com/in/en/pd/classics-artisanal-womens-relaxed-fit-hoodie/630416?swatch=65,CLASSICS Artisanal Women's Relaxed Fit Hoodie,Extra 15% off at checkout,"₹3,999","₹1,999",Hoodie,"This fashion-forward hoodie is a must-have staple for trendsetters. Soft yet structured, this printed suede essential is designed to take you from gym to street in style. With a relaxed fit and ribbed trims, it's the perfect blend of comfort and casual style.","['XS', 'S', 'M', 'L', 'XL']"
https://in.puma.com/in/en/pd/flyer-runner-engineered-knit-mens-shoes/379993?swatch=02,Flyer Runner Engineered Knit Men's Shoes,Buy 2 & Get 50% off + Extra 40% Off,"₹5,499","₹2,749",Shoes,"Introducing the Flyer Runner, where style meets comfort. This lightweight runner features a fashionable upper design, offering a stylish approach to everyday wear. With SOFTFOAM+ for optimal step-in comfort and an EVA midsole for cushioning, the Flyer Runner ensures a comfortable and stylish run every time.","['UK 6', 'UK 7', 'UK 8', 'UK 9', 'UK 10', 'UK 11']"
https://in.puma.com/in/en/pd/classics-womens-relaxed-fit-hoodie/626559?swatch=44,CLASSICS Women's Relaxed Fit Hoodie,Extra 15% off at checkout,"₹4,999","₹2,499",Hoodie,"Toss up your hoodie and throw on a relaxed fit. This soft, stylish essential is primed for carefree weekend adventures. Hit the streets, the park or just kick back – the adjustable hood and laid-back silhouette keep you cosy while you go with the flow. Simple, versatile, perfect.","['XS', 'S', 'M', 'L', 'XL', 'XXL']"
https://in.puma.com/in/en/pd/classics-womens-relaxed-fit-hoodie/626559?swatch=67,CLASSICS Women's Relaxed Fit Hoodie,Extra 15% off at checkout,"₹4,999","₹2,499",Hoodie,"Toss up your hoodie and throw on a relaxed fit. This soft, stylish essential is primed for carefree weekend adventures. Hit the streets, the park or just kick back – the adjustable hood and laid-back silhouette keep you cosy while you go with the flow. Simple, versatile, perfect.","['XS', 'S', 'M', 'L', 'XL', 'XXL']"
https://in.puma.com/in/en/pd/robust-v2-mens-shoes/379979?swatch=03,Robust V2 Men's Shoes,Buy 2 & Get 50% off + Extra 40% Off,"₹4,499","₹2,249",Shoes,"The PUMA Robust V2 Men's Shoes are the ultimate blend of fashion and function. These running shoes boast a sturdy textile upper and lace closure for a secure fit. The PUMA Formstrip branding on the side adds a stylish touch, while the zoned rubber outsole delivers unparalleled grip. Whether you're hitting the pavement or running errands, these shoes provide the support you need to keep going all day long.","['UK 6', 'UK 7', 'UK 8', 'UK 9', 'UK 10', 'UK 11']"
https://in.puma.com/in/en/pd/classics-play-loud-womens-relaxed-fit-hoodie/627484?swatch=01,CLASSICS PLAY LOUD Women's Relaxed Fit Hoodie,Extra 15% off at checkout,"₹5,999","₹2,999",Hoodie,"Slip into stylish comfort with this relaxed hoodie. Gold metallic drawcords and a woven label pay homage to hip hop culture while keeping you cosy. Chenille branding and ribbed details make a bold statement, perfect for laid-back adventures or lounging in style.","['XS', 'S', 'M', 'L', 'XL', 'XXL']"
https://in.puma.com/in/en/pd/flexrate-mens-sneakers/392754?swatch=01,Flexrate Men's Sneakers,Buy 2 & Get 50% off + Extra 40% Off,"₹4,499","₹2,249",Sneakers,"The Puma Flexrate Men's Sneakers will take your game to the next level with the ultimate fusion of classic style and modern design! With a sleek textile upper and contrast PUMA Formstrip, these sneakers are sure to turn heads on and off the court. The durable outsole provides superior traction, while the PUMA cat logo gives a sporty finish.","['UK 6', 'UK 7', 'UK 8', 'UK 9', 'UK 10', 'UK 11']"
https://in.puma.com/in/en/pd/x-ray-2-square-womens-superior-comfort-casual-shoes/404686?swatch=02,X-Ray 2 Square Women’s Superior Comfort Casual Shoes,Extra 15% off at checkout,"₹7,999","₹3,759",Shoes,"Break the mould with the PUMA X-Ray! A bold mix of futuristic design and supreme comfort, these sneakers are made to make an impact. With their striking layered look and edgy vibe, they’ll have you stepping into the future with confidence. Ready to turn heads and own the streets? Let the X-Ray vision take over!","['UK 3', 'UK 4', 'UK 5', 'UK 6', 'UK 7']"
https://in.puma.com/in/en/pd/graphic-mens-regular-fit-sweatshirt/670186?swatch=16,Graphic Men's Regular Fit Sweatshirt,Extra 15% off at checkout,"₹2,999","₹1,499",Sweatshirt,"Sweat Shirts are a must-have and if you don't have the PUMA Graphic Crew Men's Sweat Shirt, it's time you get it. The soft fabric will keep snug and the subtle PUMA branding will elevate your street style.","['S', 'M', 'L', 'XL', 'XXL']"
https://in.puma.com/in/en/pd/scorch-mark-slip-on-mens-running-shoes/379987?swatch=03,Scorch Mark Slip On Men's Running Shoes,Buy 2 & Get 50% off + Extra 40% Off,"₹5,499","₹2,749",Shoes,"Slip into the future with the PUMA Scorch Mark Slip On Men's Running Shoes perfect for the urban runner on the go. These sleek kicks feature a lightweight knitted upper for breathability and comfort, with pull tabs for easy on and off. The SOFTFOAM+ sockliner provides a plush feel underfoot, while the unique design adds a touch of edge to your look.","['UK 6', 'UK 7', 'UK 8', 'UK 9', 'UK 11']"
https://in.puma.com/in/en/pd/bmw-mms-mens-hoodie/624162?swatch=01,BMW MMS Men's Hoodie,Extra 15% off at checkout,"₹5,999","₹2,999",Hoodie,"This BMW M Motorsport hoodie is a great way to show your motorsports credentials in comfort. Its made of a breathable fabric, has a hood with drawcords ,and chest logo that proclaims your allegiance to high performance. Victory is calling.","['S', 'M', 'L', 'XL', 'XXL']"
https://in.puma.com/in/en/pd/x-ray-2-square-womens-superior-comfort-casual-shoes/404686?swatch=01,X-Ray 2 Square Women’s Superior Comfort Casual Shoes,Extra 15% off at checkout,"₹7,999","₹3,759",Shoes,"Break the mould with the PUMA X-Ray! A bold mix of futuristic design and supreme comfort, these sneakers are made to make an impact. With their striking layered look and edgy vibe, they’ll have you stepping into the future with confidence. Ready to turn heads and own the streets? Let the X-Ray vision take over!","['UK 3', 'UK 4', 'UK 5', 'UK 6', 'UK 7', 'UK 8']"
https://in.puma.com/in/en/pd/modern-indigo-mens-hoodie/679076?swatch=97,Modern Indigo Men's Hoodie,Extra 15% off at checkout,"₹4,499","₹2,009",Hoodie,"Rendered in a soothing indigo shade, its textured knit fabric promises not only warmth but also a tactile delight. The spacious kangaroo pockets are perfect for keeping hands snug or storing essentials, while the elasticated cuffs ensure a secure yet comfortable fit. Whether you're winding down after a long day or enjoying a leisurely morning, this hoodie epitomizes laid-back luxury for your downtime.","['XS', 'S', 'M', 'L', 'XL']"
https://in.puma.com/in/en/pd/cherry-on-top-graphic-womens-oversized-basketball-hoodie/682286?swatch=01,Cherry on Top Graphic Women's Oversized Basketball Hoodie,Extra 15% off at checkout,"₹6,999","₹3,499",Hoodie,Turn heads in this oversized hoodie constructed from a soft fleece material with a bold graphic print detail on the front.,"['XS', 'S', 'M', 'L']"
https://in.puma.com/in/en/pd/dare-to-womens-bodysuit/626803?swatch=30,DARE TO Women's Bodysuit,Extra 15% off at checkout,"₹3,999","₹1,999",Bodysuit,"Make a statement with confidence in this metallic leotard. Precision cut-outs and binding sculpt your shape, while popper buttons provide adjustable coverage. Move freely yet feel secure for any challenge ahead. Dare to be bold.","['XS', 'S', 'M', 'L', 'XL', 'XXL']"
https://in.puma.com/in/en/pd/train-all-day-womens-7-8-training-tights-with-pockets/527841?swatch=48,Train All Day Women's 7/8 Training Tights with Pockets,Extra 15% off at checkout,"₹2,299","₹1,149",Pockets,"Power through your training regime in the TAD Pocket Women's 7/8 Training Tights from PUMA. Their tailored cut and sweat-wicking fabric keep you dry however intense your workout gets. Whether you're hitting the gym or going for a run, these tights will provide the support and style you need to conquer your fitness goals. Plus the slip pockets ensure that you have easy access to your stash of essentials.","['XS', 'S', 'M', 'L', 'XL', 'XXL']"
https://in.puma.com/in/en/pd/flyer-runner-engineered-knit-mens-shoes/379993?swatch=01,Flyer Runner Engineered Knit Men's Shoes,Buy 2 & Get 50% off + Extra 40% Off,"₹5,499","₹2,859",Shoes,"Introducing the Flyer Runner, where style meets comfort. This lightweight runner features a fashionable upper design, offering a stylish approach to everyday wear. With SOFTFOAM+ for optimal step-in comfort and an EVA midsole for cushioning, the Flyer Runner ensures a comfortable and stylish run every time.","['UK 6', 'UK 7', 'UK 8', 'UK 9', 'UK 10']"
https://in.puma.com/in/en/pd/flyer-runner-engineered-knit-mens-shoes/379993?swatch=03,Flyer Runner Engineered Knit Men's Shoes,Buy 2 & Get 50% off + Extra 40% Off,"₹5,499","₹2,749",Shoes,"Introducing the Flyer Runner, where style meets comfort. This lightweight runner features a fashionable upper design, offering a stylish approach to everyday wear. With SOFTFOAM+ for optimal step-in comfort and an EVA midsole for cushioning, the Flyer Runner ensures a comfortable and stylish run every time.","['UK 6', 'UK 7', 'UK 8', 'UK 9', 'UK 10']"
https://in.puma.com/in/en/pd/t7-oversized-oversized-track-jacket/626712?swatch=67,T7 Oversized Oversized Track Jacket,Extra 15% off at checkout,"₹7,999","₹3,599",Jacket,"Make a statement in classic sports style. This oversized track jacket provides comfort and attitude for nights out and everyday wear. With bold T7 panel inserts and an arched zip, it's made to turn heads. Slide into the soft shell and stand out.","['S', 'M', 'L', 'XL', 'XXL']"
https://in.puma.com/in/en/pd/club-de-course-fleece-relaxed-fit-hoodie/626730?swatch=01,CLUB DE COURSE Fleece Relaxed Fit Hoodie,Extra 15% off at checkout,"₹5,999","₹2,999",Hoodie,"Style meets comfort in this relaxed hoodie. Slip into lightweight softness and get ready for adventure. With kangaroo pockets to stash essentials and a drawcord hood for extra coverage, this is your go-to for laid-back days exploring the city or evenings relaxing at home.","['XS', 'S', 'M', 'L', 'XL']"
https://in.puma.com/in/en/pd/classics-t7-mens-full-zip-jacket/629333?swatch=69,Classics T7 Men's Full Zip Jacket,Extra 15% off at checkout,"₹4,999","₹2,499",Jacket,"A fusion of function and athletic elegance- the Classics T7 Full Zip Jacket by PUMA features a zip front complemented by stand collar and side pockets seamlessly marrying sporty with sophisticated. Designed with the iconic T7 stripes paying homage to PUMA's rich heritage, the rib cuffs offering a snug fit, and finished with the logo patch at the chest, this everyday essential ensures you carry the spirit of sport wherever you go.","['S', 'M', 'L', 'XL', 'XXL']"
https://in.puma.com/in/en/pd/classics-womens-slim-fit-ribbed-dress/626634?swatch=01,CLASSICS Women's Slim Fit Ribbed Dress,Extra 15% off at checkout,"₹4,999","₹2,499",Dress,"Make a stylish statement in this figure-hugging ribbed dress. With an eye-catching metallic zip and sleeve details, it's the perfect complement for adventures in the city or drinks with friends. Flatteringly cut to accentuate your shape, this is casual cool at its finest.","['XS', 'S', 'M', 'L', 'XL']"
https://in.puma.com/in/en/pd/better-classics-relaxed-fit-sweatshirt/624244?swatch=75,BETTER CLASSICS Relaxed Fit Sweatshirt,Extra 15% off at checkout,"₹4,999","₹2,499",Sweatshirt,"Classics are called classics for a reason. It's because, like this crew, they're timeless. This relaxed-fit crew features long sleeves, an embroidered logo on the chest, and ribbed cuffs and hem.","['S', 'M', 'L', 'XL', 'XXL']"
https://in.puma.com/in/en/pd/better-classics-relaxed-fit-sweatshirt/624244?swatch=01,BETTER CLASSICS Relaxed Fit Sweatshirt,Extra 15% off at checkout,"₹4,999","₹2,499",Sweatshirt,"Classics are called classics for a reason. It's because, like this crew, they're timeless. This relaxed-fit crew features long sleeves, an embroidered logo on the chest, and ribbed cuffs and hem.","['S', 'M', 'L', 'XL', 'XXL']"
https://in.puma.com/in/en/pd/classics-womens-sleeveless-dress/538079?swatch=42,CLASSICS Women's Sleeveless Dress,Extra 15% off at checkout,"₹2,999","₹1,499",Dress,"Comfy enough to lounge in, stylish enough to take out on the town – this Classics dress brings you the best of both worlds. With a flattering ribbed fit and criss-cross back straps, you'll be serving sporty summer glam, whatever the occasion.","['XS', 'S', 'M', 'L', 'XL']"
https://in.puma.com/in/en/pd/mercedes-amg-petronas-f1-statement-woven-mens-regular-fit-shorts/538444?swatch=08,Mercedes AMG Petronas F1 Statement Woven Men's Regular Fit Shorts,Buy 2 & Get 50% off + Extra 40% Off,"₹5,999","₹2,999",Shorts,Prepare for a day in the pitlane with these Mercedes-AMG Petronas Motorsport woven shorts. They feature three zip pockets for all your race day essentials and a reflective design element that adds to the technical look.,"['XS', 'S', 'M', 'L']"
https://in.puma.com/in/en/pd/amg-woven-mens-regular-fit-shorts/620272?swatch=10,AMG Woven Men's Regular Fit Shorts,Buy 2 & Get 50% off + Extra 40% Off,"₹5,999","₹2,999",Shorts,"Mercedes-AMG Motorsport has disrupted the racing world with its fast and agile cars. These woven shorts are just as disruptive, thanks to the bold colourblocked look and stand-out branding on the leg.","['XS', 'S', 'M', 'L']"
https://in.puma.com/in/en/pd/flyer-runner-engineered-knit-womens-shoes/379994?swatch=02,Flyer Runner Engineered Knit Women's Shoes,Buy 2 & Get 50% off + Extra 40% Off,"₹5,499","₹2,749",Shoes,"PUMA’s Flyer Runner Engineered Knit Women's Shoes are designed to provide superior comfort and flexibility. The engineered knit upper is breathable and lightweight, while the SoftFoam+ sockliner creates a plush, cushioned fit. For reliable traction, the shoes feature a zoned rubber outsole for grip on any terrain.","['UK 3', 'UK 4', 'UK 5', 'UK 6']"
https://in.puma.com/in/en/pd/better-classics-hoodie/624241?swatch=75,BETTER CLASSICS Hoodie,Extra 15% off at checkout,"₹5,499","₹2,739",Hoodie,"Classics are called classics for a reason. It's because, like this hoodie, they're timeless. This relaxed-fit hoodie features an PUMA logo embroidered on the chest as well as ribbed cuffs.","['S', 'M', 'L', 'XL', 'XXL']"
https://in.puma.com/in/en/pd/mens-cricket-woven-pants/607095?swatch=01,Men's Cricket Woven Pants,Extra 15% off at checkout,"₹2,699","₹1,399",Pants,"Get ready to hit the pitch in style with the Cricket Woven Pants. These pants feature a minimal design for a sleek look that stands out on the cricket field. With convenient side pockets and the iconic cat logo, you'll feel like a true champion every time you wear them. So, gear up, show your support, and play with confidence in these pants!","['XS', 'S', 'M', 'L', 'XL', 'XXL']"
https://in.puma.com/in/en/pd/mercedes-amg-petronas-motorsport-kids-t-shirt/623664?swatch=07,Mercedes-AMG Petronas Motorsport Kids' T-shirt,Buy 2 & Get 50% off + Extra 40% Off,"₹1,999","₹1,039",T-shirt,"To create the highest performing Mercedes-AMG Petronas Motorsport cars, engineers and designers must take cues from the world's best performer: the natural environment. At PUMA, we've done the same with this clean and organic outlook. This pre-schooler tee helps you support your favourite F1 team with an classic look.","['2-3Y', '4-5Y', '7-8Y']"
https://in.puma.com/in/en/pd/graphic-womens-regular-fit-hoodie/670396?swatch=05,Graphic Women's Regular Fit Hoodie,Extra 15% off at checkout,"₹3,499","₹1,739",Hoodie,"Classic comfort never looked so stylish. Kit yourself out with modern staples in our PUMA Graphic Women's Hoodie, a chic sportswear must-have for this season.","['XS', 'S', 'M', 'L', 'XL']"
https://in.puma.com/in/en/pd/mercedes-amg-petronas-f1-cloudspun-mens-motorsport-polo/627309?swatch=01,Mercedes-AMG Petronas F1® Cloudspun Men's Motorsport Polo,Extra 15% off at checkout,"₹5,499","₹2,749",Polo,"When victory calls, answer in style. Emblazoned with iconic Mercedes-AMG Petronas F1® branding, this polo unites fans worldwide and fuels your drive to win.","['S', 'M', 'L']"
https://in.puma.com/in/en/pd/amg-mens-motorsport-sweat-shorts/623721?swatch=01,AMG Men's Motorsport Sweat Shorts,Buy 2 & Get 50% off + Extra 40% Off,"₹5,999","₹2,999",Shorts,"The Mercedes-AMG GT Black Series has the most powerful AMG engine, the most expressive design, and the most elevated details. The lightweight design combined with the car's exquisite features will be translated directly into the collection. Uncompromisingly motorsport that is instantly recognizable.","['XS', 'S', 'M']"
https://in.puma.com/in/en/pd/mercedes-amg-petronas-f1-two-tone-mens-motorsport-polo/627337?swatch=02,Mercedes-AMG Petronas F1® Two-Tone Men's Motorsport Polo,Extra 15% off at checkout,"₹4,999","₹2,499",Polo,"Rally behind your team in style. This regular-fit polo unites fans with its iconic Mercedes-AMG Petronas F1® badge and sleek PUMA Cat. Flat knit collar detail and contrast tipping deliver a powerful look for any venue. Together, we drive the team to victory.","['S', 'M', 'XL']"
https://in.puma.com/in/en/pd/mesh-panel-womens-sports-training-bra/527008?swatch=01,Mesh Panel Women's Sports Training Bra,Extra 15% off at checkout,"₹2,999","₹1,439",Bra,"Designed for medium impact activities, this sports bra provides the support you need to conquer your workouts with confidence. This performance bra harnesses the power of dryCELL to wick moisture while stabilized straps and a mesh back unleash your range of motion while offering breathability and ventilation to keep you cool and comfortable during your sweat sessions. Racerback construction and a secure underband provide custom comfort so you can push through your training and achieve your fitness goals.","['XS', 'S', 'M', 'L', 'XL']"
https://in.puma.com/in/en/pd/graphic-womens-regular-fit-hoodie/670392?swatch=02,Graphic Women's Regular Fit Hoodie,Extra 15% off at checkout,"₹3,499","₹1,739",Hoodie,A good hoodie is the bed and butter of fashion during those chilly days. So PUMA brings you the Graphic Women's Knitted Hoodie that will not only keep you warm but also keep you in the spotlight. The PUMA branding and the graphic print is the cherry on top.,"['XS', 'S', 'M', 'L', 'XL']"
https://in.puma.com/in/en/pd/graphic-womens-regular-fit-hoodie/670392?swatch=03,Graphic Women's Regular Fit Hoodie,Extra 15% off at checkout,"₹3,499","₹1,739",Hoodie,A good hoodie is the bed and butter of fashion during those chilly days. So PUMA brings you the Graphic Women's Knitted Hoodie that will not only keep you warm but also keep you in the spotlight. The PUMA branding and the graphic print is the cherry on top.,"['XS', 'S', 'M', 'L', 'XL']"
https://in.puma.com/in/en/pd/overlay-mens-slim-fit-jacket/672942?swatch=16,Overlay Men's Slim Fit Jacket,Extra 15% off at checkout,"₹5,999","₹2,999",Jacket,Your eco-conscience will be clear as can be with this cosy knitted track jacket. A winning combination of recycled fibres and support for sustainable cotton farming means you can flaunt your fashion with pride.,"['M', 'L', 'XL']"
https://in.puma.com/in/en/pd/scorch-mark-slip-on-mens-running-shoes/379987?swatch=01,Scorch Mark Slip On Men's Running Shoes,Buy 2 & Get 50% off + Extra 40% Off,"₹5,499","₹2,469",Shoes,"Slip into the future with the PUMA Scorch Mark Slip On Men's Running Shoes perfect for the urban runner on the go. These sleek kicks feature a lightweight knitted upper for breathability and comfort, with pull tabs for easy on and off. The SOFTFOAM+ sockliner provides a plush feel underfoot, while the unique design adds a touch of edge to your look.","['UK 6', 'UK 8', 'UK 9']"
https://in.puma.com/in/en/pd/hampton-sneakers/386787?swatch=01,Hampton Sneakers,Extra 15% off at checkout,"₹4,499","₹2,249",Sneakers,"The Hampton Unisex Sneakers will take your game to the next level with the ultimate fusion of classic style and modern design! With a sleek textile upper and classic PUMA branding, these sneakers are sure to turn heads on and off the court. The rubber outsole provides superior traction, while the lightweight midsole ensures maximum comfort and support.","['UK 8', 'UK 9', 'UK 11']"
https://in.puma.com/in/en/pd/mercedes-amg-petronas-f1-slipkart-kids-motorsport-sneakers/308435?swatch=01,Mercedes-AMG Petronas F1® Slipkart Kid's Motorsport Sneakers,Buy 2 & Get 50% off + Extra 40% Off,"₹4,499","₹2,249",Sneakers,Ready for adventure! These Mercedes-AMG Petronas F1® Slipkart sneakers let little ones zoom from playtime to the playground. Slip-on and go with hassle-free comfort. They feature a crew badge for fuelling imaginative motorsport dreams.,"['5-Y', '6-Y', '7-Y', '8-Y', '9-Y', '10-Y']"
https://in.puma.com/in/en/pd/logo-mens-regular-fit-t-shirt/676524?swatch=03,Logo Men's Regular Fit T-Shirt,Extra 15% off at checkout,"₹2,999","₹1,499",T-Shirt,"The casual T-shirt silhouette gets an urban logo update. Featuring a comfortable fit made from soft cotton fibres, plus bold graphics, metallic accents and a boss-like attitude, you'll hit the streets looking sharp. No matter what's on your everyday agenda, you'll be dressed for success.","['XS', 'S', 'M', 'L', 'XL']"
https://in.puma.com/in/en/pd/logo-mens-regular-fit-t-shirt/676524?swatch=11,Logo Men's Regular Fit T-Shirt,Extra 15% off at checkout,"₹2,999","₹1,499",T-Shirt,"The casual T-shirt silhouette gets an urban logo update. Featuring a comfortable fit made from soft cotton fibres, plus bold graphics, metallic accents and a boss-like attitude, you'll hit the streets looking sharp. No matter what's on your everyday agenda, you'll be dressed for success.","['XS', 'S', 'M', 'L', 'XL']"
https://in.puma.com/in/en/pd/better-classics-hoodie/624241?swatch=65,BETTER CLASSICS Hoodie,Extra 15% off at checkout,"₹5,499","₹2,569",Hoodie,"Classics are called classics for a reason. It's because, like this hoodie, they're timeless. This relaxed-fit hoodie features an PUMA logo embroidered on the chest as well as ribbed cuffs.","['S', 'M', 'L', 'XL']"
https://in.puma.com/in/en/pd/coarse-mens-running-shoes/379986?swatch=02,Coarse Men's Running Shoes,Buy 2 & Get 50% off + Extra 40% Off,"₹4,999","₹2,349",Shoes,"PUMA’s Coarse Running Shoes are designed to provide superior comfort and flexibility. The textile upper is breathable and lightweight, while the lace closure offer a snug fit. For reliable traction, the shoes feature a zoned rubber outsole for grip on any terrain.","['UK 6', 'UK 7', 'UK 11']"
https://in.puma.com/in/en/pd/classics-womens-pants/679458?swatch=90,Classics Women's Pants,Extra 15% off at checkout,"₹3,999","₹1,999",Pants,"Elevate your athleisure game with the Classics Women's Pants. With their slip pockets and elasticated waist, these knit pants provide comfort and convenience for any casual occasion. The iconic logo graphic and rib cuffs add a touch of sophistication, making them the perfect addition to any sporty wardrobe.","['XS', 'L', 'XL']"
https://in.puma.com/in/en/pd/classics-t7-mens-full-zip-jacket/629333?swatch=01,Classics T7 Men's Full Zip Jacket,Extra 15% off at checkout,"₹4,999","₹2,599",Jacket,"A fusion of function and athletic elegance- the Classics T7 Full Zip Jacket by PUMA features a zip front complemented by stand collar and side pockets seamlessly marrying sporty with sophisticated. Designed with the iconic T7 stripes paying homage to PUMA's rich heritage, the rib cuffs offering a snug fit, and finished with the logo patch at the chest, this everyday essential ensures you carry the spirit of sport wherever you go.","['S', 'M', 'XL']"
https://in.puma.com/in/en/pd/mercedes-amg-petronas-mens-motorsport-polo/621154?swatch=01,Mercedes-AMG PETRONAS Men's Motorsport Polo,Buy 2 & Get 50% off + Extra 40% Off,"₹4,499","₹2,249",Polo,"This versatile polo for motorsport fans combines the minimalist aesthetic of Mercedes-AMG PETRONAS with sporty touches from PUMA. Made with soft fabric, this polo also features a flat knit collar with 3D and cobranded details.","['S', 'M', 'L']"
https://in.puma.com/in/en/pd/mercedes-amg-petronas-motorsport-youth-logo-t-shirt/623662?swatch=01,Mercedes-AMG Petronas Motorsport Youth Logo T-shirt,Buy 2 & Get 50% off + Extra 40% Off,"₹2,299","₹1,149",T-shirt,"To create the highest performing Mercedes-AMG Petronas Motorsport cars, engineers and designers must take cues from the world's best performers: the natural environment. With this collection, we've done the same, offering a clean and organic look, with highlights that pop, and contouring graphics that catch the eye.","['7-8Y', '9-10Y']"
https://in.puma.com/in/en/pd/graphic-womens-regular-fit-hoodie/670392?swatch=04,Graphic Women's Regular Fit Hoodie,Extra 15% off at checkout,"₹3,499","₹1,739",Hoodie,A good hoodie is the bed and butter of fashion during those chilly days. So PUMA brings you the Graphic Women's Knitted Hoodie that will not only keep you warm but also keep you in the spotlight. The PUMA branding and the graphic print is the cherry on top.,"['XS', 'S', 'M', 'L']"
https://in.puma.com/in/en/pd/graphic-womens-regular-fit-hoodie/670392?swatch=05,Graphic Women's Regular Fit Hoodie,Extra 15% off at checkout,"₹3,499","₹1,739",Hoodie,A good hoodie is the bed and butter of fashion during those chilly days. So PUMA brings you the Graphic Women's Knitted Hoodie that will not only keep you warm but also keep you in the spotlight. The PUMA branding and the graphic print is the cherry on top.,"['XS', 'S', 'M', 'L']"
https://in.puma.com/in/en/pd/t7-iconic-mens-regular-fit-8-shorts/623225?swatch=56,"T7 Iconic Men's Regular Fit 8"" Shorts",Extra 15% off at checkout,"₹3,499","₹1,669",Shorts,"These lightweight shorts are sure to become your summer staple. Made using recycled materials and with a laid-back, versatile look and built-in inner briefs for easy, no-fuss comfort, you'll not only look good but feel good, too.","['S', 'M', 'L']"
https://in.puma.com/in/en/pd/f1-logo-mens-motorsport-polo/625852?swatch=02,F1 Logo Men's Motorsport Polo,Extra 15% off at checkout,"₹4,499","₹2,009",Polo,This F1® polo is built for the superfan. It is made from a jersey fabric and features a the F1® logo on the front. See you at the next grand prix.,"['S', 'M', 'L']"
https://in.puma.com/in/en/pd/power-womens-leggings/687215?swatch=44,POWER Women's Leggings,Extra 15% off at checkout,"₹2,799","₹1,399",Leggings,"Power through your day in effortless style with PUMA POWER Leggings. Our curve-hugging leggings move with you, whether you're off to brunch or the gym. With their PUMA No. 1 rubber print and elastic waistband, these leggings are your stylish secret weapon for everyday activities.","['XS', 'S', 'XL']"
https://in.puma.com/in/en/pd/active-tricot-mens-slim-fit-sweat-pants/586731?swatch=01,Active Tricot Men's Slim Fit Sweat Pants,Extra 15% off at checkout,"₹2,999","₹1,349",Pants,High-performance apparel for the ambitious athlete: these stylish bottoms use moisture-wicking power of dryCELL to help you reach your peak.,"['XS', 'S', 'M']"
https://in.puma.com/in/en/pd/better-classics-womens-relaxed-fit-hoodie/624227?swatch=44,BETTER CLASSICS Women's Relaxed Fit Hoodie,Extra 15% off at checkout,"₹4,999","₹2,499",Hoodie,"Stay comfy and cosy in this Better Classcis hoodie. Cut with a drop shoulder for that relaxed look, it features ribbed cuffs and hem and an embroidered PUMA logo on the left side of the chest.","['S', 'M', 'XL']"
https://in.puma.com/in/en/pd/better-classics-womens-relaxed-fit-hoodie/624227?swatch=30,BETTER CLASSICS Women's Relaxed Fit Hoodie,Extra 15% off at checkout,"₹4,999","₹2,499",Hoodie,"Stay comfy and cosy in this Better Classcis hoodie. Cut with a drop shoulder for that relaxed look, it features ribbed cuffs and hem and an embroidered PUMA logo on the left side of the chest.","['M', 'L', 'XL']"
https://in.puma.com/in/en/pd/mens-embossed-jacket/679052?swatch=01,Men's Embossed Jacket,Extra 15% off at checkout,"₹6,999","₹3,499",Jacket,"Featuring a distinctive quilted pattern, this woven jacket is designed not just to keep you warm but to make a bold style statement. Crafted for those who dare to stand out even in the chills, the jacket boasts sleek zip pockets, perfect for stashing essentials or keeping hands cozy. With its embroidered logo adding a textured touch, this piece effortlessly bridges the gap between function and fashion.","['XS', 'M']"
https://in.puma.com/in/en/pd/modern-indigo-mens-hoodie/679076?swatch=99,Modern Indigo Men's Hoodie,Extra 15% off at checkout,"₹4,499","₹2,239",Hoodie,"Rendered in a soothing indigo shade, its textured knit fabric promises not only warmth but also a tactile delight. The spacious kangaroo pockets are perfect for keeping hands snug or storing essentials, while the elasticated cuffs ensure a secure yet comfortable fit. Whether you're winding down after a long day or enjoying a leisurely morning, this hoodie epitomizes laid-back luxury for your downtime.","['XL', 'XXL']"
https://in.puma.com/in/en/pd/widerer-mens-running-shoes/310753?swatch=01,Widerer Men's Running Shoes,Buy 2 & Get 50% off + Extra 40% Off,"₹4,999","₹2,499",Shoes,"Designed with an EVA outsole, these shoes provide the perfect balance of lightweight flexibility and cushioning, ensuring each run is better than the last. The textile upper offers breathable comfort, keeping your feet cool as you pound the pavement. Secure your fit with the reliable lace closure and hit the ground running. Whether you're training for a marathon or enjoying a morning jog, the PUMA Widerer is the running partner you can count on.","['UK 9', 'UK 11']"
https://in.puma.com/in/en/pd/mercedes-amg-petronas-motorsport-cloudspun-mens-shorts/624936?swatch=07,Mercedes-AMG Petronas Motorsport CLOUDSPUN Men's Shorts,Buy 2 & Get 50% off + Extra 40% Off,"₹5,499","₹2,749",Shorts,"To create the highest performing Mercedes-AMG Petronas Motorsport F1 cars, engineers and designers must take cues from the world's best performer: the natural environment. This clean, organic outlook with its contouring graphics and four-way stretch CLOUDSPUIN fabric does just that.","['XS', 'M']"
https://in.puma.com/in/en/pd/mercedes-amg-petronas-f1-mens-regular-fit-shorts/538474?swatch=07,Mercedes AMG Petronas F1 Men's Regular Fit Shorts,Buy 2 & Get 50% off + Extra 40% Off,"₹4,999","₹2,499",Shorts,Get ready for race day with these Mercedes-AMG Petronas Motorsport knitted sweat shorts. They have an adaptable fit thanks to the elasticised waistband and the team's famous logo on one leg.,"['XS', 'S']"
https://in.puma.com/in/en/pd/modern-sports-mens-shorts/585826?swatch=06,Modern Sports Men's Shorts,Extra 15% off at checkout,"₹2,799","₹1,399",Shorts,"These knitted shorts tick all the boxes when it comes to laid-back sporty style and comfort. Combining slick graphics with PUMA's dryCELL technology, you'll look and feel cool and comfortable all day long. Handy zip pockets are perfect for storing your essentials, and the soft ribbed waistband with an internal drawcord means you can customise the fit.","['S', 'M']"
https://in.puma.com/in/en/pd/decor8-mens-shorts/531085?swatch=01,Decor8 Men's Shorts,Extra 15% off at checkout,"₹2,999","₹1,499",Shorts,"Stand out from the crowd in these one-of-a-kind shorts. Unique details such as mesh inserts with a colour-contrast underlay and high-density PUMA badges take the look from everyday to elevated, so you'll be upping the style stakes wherever you go.","['XS', 'S']"
https://in.puma.com/in/en/pd/zippered-graphic-mens-slim-fit-pants/673458?swatch=06,Zippered Graphic Men's Slim Fit Pants,Extra 15% off at checkout,"₹3,299","₹1,639",Pants,"Sport,recess or casual swagger the PUMA knitted pants ticks it all being functional and fashionable at the sametime","['XS', 'S']"
https://in.puma.com/in/en/pd/mercedes-amg-petronas-mens-motorsport-hoodie/621158?swatch=01,Mercedes-AMG PETRONAS Men's Motorsport Hoodie,Buy 2 & Get 50% off + Extra 40% Off,"₹6,999","₹3,499",Hoodie,"Stay comfortable while showcasing your love for Motorsport in this streamlined logo hoodie. The large placement print of the Mercedes-AMG PETRONAS Logo signals your loyalty to your team, while the soft and comfortable material makes it ideal for everyday wear.","['S', 'L']"
https://in.puma.com/in/en/pd/mercedes-amg-petronas-f1-cloudspun-mens-motorsport-pants/627308?swatch=01,Mercedes-AMG Petronas F1® Cloudspun Men's Motorsport Pants,Buy 2 & Get 50% off + Extra 40% Off,"₹6,499","₹3,379",Pants,"Make a statement in unity with your team. These powerful pants move with your every stride. Zippered pockets and an elasticated waist lock in comfort, while the Mercedes-AMG Petronas F1® logo proudly displays your allegiance. Victory awaits.","['S', 'M']"
https://in.puma.com/in/en/pd/mercedes-amg-petronas-motorsport-kids-shorts/623665?swatch=07,Mercedes-AMG Petronas Motorsport Kids' Shorts,Buy 2 & Get 50% off + Extra 40% Off,"₹2,499","₹1,249",Shorts,"To create the highest performing Mercedes-AMG Petronas Motorsport cars, engineers and designers must take cues from the world's best performer: the natural environment. At PUMA, we've done the same with this clean and organic outlook. These motorsports pre-schooler shorts help you support your favourite F1 team with an classic look.","['2-3Y', '3-4Y']"
https://in.puma.com/in/en/pd/flyer-runner-engineered-knit-womens-shoes/379994?swatch=01,Flyer Runner Engineered Knit Women's Shoes,Buy 2 & Get 50% off + Extra 40% Off,"₹5,499","₹2,739",Shoes,"PUMA’s Flyer Runner Engineered Knit Women's Shoes are designed to provide superior comfort and flexibility. The engineered knit upper is breathable and lightweight, while the SoftFoam+ sockliner creates a plush, cushioned fit. For reliable traction, the shoes feature a zoned rubber outsole for grip on any terrain.","['UK 3', 'UK 5']"
https://in.puma.com/in/en/pd/tour-mens-sneakers/386918?swatch=01,Tour Men's Sneakers,Buy 2 & Get 50% off + Extra 40% Off,"₹4,499","₹2,249",Sneakers,"Crafted with fine technology and futuristic design, Tour Men's Shoes are surely here to uplift your streetstyle games. Featuring a breathable upper and a durable outsole, get ready to kick-off on city streets in these shoes from PUMA.","['UK 6', 'UK 7']"
https://in.puma.com/in/en/pd/tour-mens-sneakers/386918?swatch=02,Tour Men's Sneakers,Buy 2 & Get 50% off + Extra 40% Off,"₹4,499","₹2,249",Sneakers,"Crafted with fine technology and futuristic design, Tour Men's Shoes are surely here to uplift your streetstyle games. Featuring a breathable upper and a durable outsole, get ready to kick-off on city streets in these shoes from PUMA.","['UK 6', 'UK 11']"
https://in.puma.com/in/en/pd/graphic-womens-tights/847758?swatch=03,Graphic Women's Tights,Extra 15% off at checkout,"₹2,299","₹1,139",Tights,"A smooth, sleek fit with added coverage, the PUMA Graphic Women's Tights make you feel like you can run the world. It's a must-have.","['XS', 'S']"
https://in.puma.com/in/en/pd/mens-regular-fit-woven-cricket-trackpants/605800?swatch=01,Men's Regular Fit Woven Cricket Trackpants,Extra 15% off at checkout,"₹2,699","₹1,339",Trackpants,"Crush your goals inside the gym and out. The Team CR Woven Men's Pants is the go-to workout pant for wherever training takes you. Featuring dryCELL to draw sweat away from skin, an adjustable waistband, and storage solutions.","['XS', 'S']"
https://in.puma.com/in/en/pd/scuderia-ferrari-race-mt7-mens-track-jacket/620936?swatch=01,Scuderia Ferrari Race MT7 Men's Track Jacket,Extra 15% off at checkout,"₹9,999","₹4,499",Jacket,"Gear up for cool weather with the iconic MT7 Ferrari Race MT7 Track Jacket. The soft construction and moisture-wicking materials make this regular-fit men's knitted track jacket a must have for anyone who might work up a sweat, on or off the race track.","['S', 'XL']"
https://in.puma.com/in/en/pd/better-classics-hoodie/624241?swatch=01,BETTER CLASSICS Hoodie,Extra 15% off at checkout,"₹5,499","₹2,739",Hoodie,"Classics are called classics for a reason. It's because, like this hoodie, they're timeless. This relaxed-fit hoodie features an PUMA logo embroidered on the chest as well as ribbed cuffs.","['L', 'XL', 'XXL']"
https://in.puma.com/in/en/pd/adelina-knit-womens-ballerinas/460071?swatch=02,Adelina Knit Women's Ballerinas,Extra 15% off at checkout,"₹4,499","₹2,249",Ballerinas,"Slip into effortless comfort and style. The Adelina ballerinas cradle your feet in breathable mesh and plush SoftFoam+, designed for all-day wear. Deconstructed neoprene and an injected EVA sole round out this sporty yet chic must-have for any casual wardrobe.","['UK 3', 'UK 5']"
https://in.puma.com/in/en/pd/amaze-runner-mens-sneakers/388703?swatch=03,Amaze Runner Men's Sneakers,Extra 15% off at checkout,"₹4,999","₹2,499",Sneakers,"Presenting the Amaze Runner Men's Sneakers. This versatile sneaker is perfect for any athletic enthusiast who wants to elevate their style while keeping their feet protected on the court or track. The sneakers are made with a sturdy synthetic upper and a lightweight EVA midsole for a comfortable, supportive fit, while the rubber outsole provides ample grip on any surface.","['UK 10', 'UK 11']"
https://in.puma.com/in/en/pd/iconic-mcs-baby-terry-mens-shorts/530191?swatch=01,Iconic MCS Baby Terry Men's Shorts,Extra 15% off at checkout,"₹2,999","₹1,349",Shorts,"Retro-inspired sports style gets a fashion-forward update in the Iconic MCS Baby Terry Shorts. With classic lines and eye-catching chevron panel inserts, you'll make comfortable look cool.","['XS', 'S']"
https://in.puma.com/in/en/pd/ottoman-collar-mens-slim-fit-polo/670306?swatch=47,Ottoman Collar Men's Slim Fit Polo,Extra 15% off at checkout,"₹2,799","₹1,399",Polo,"Ruffle those style quotients to take notice with the Ottoman Men's Polo, equipped with EVERFRESH Technology our quattro acting ecofriendly tech which combats odor, prevents growth of bacteria, with the highly lucrative anti-microbial finish.","['S', 'M']"
https://in.puma.com/in/en/pd/mercedes-amg-petronas-kart-cat-rl-nitro-youth-sneakers/307863?swatch=04,Mercedes-AMG PETRONAS Kart Cat RL NITRO™ Youth Sneakers,Extra 15% off at checkout,"₹5,999","₹3,299",Sneakers,"The Mercedes-AMG PETRONAS Kart Cat NITRO™ driving shoes are for fans that understand the meaning and rush of Karting. The reinforced toecap and EVA Midsole and a dynamic silhouette all combine with the marque's iconic colors. On top of that, this shoe was built with the latest NITRO™ technology, which provides superior cushioning and comfort.","['11-Y', '12-Y']"
https://in.puma.com/in/en/pd/warmcell-lightweight-slim-fit-mens-jacket/849401?swatch=01,warmCELL Lightweight Slim Fit Men's Jacket,Extra 15% off at checkout,"₹6,999","₹3,149",Jacket,"If you’re a dedicated style icon, you want the whole world to know. step it up by donning this uber cool piece. No matter what the weather throws at you, you'll stay snug and dry while looking cool in our Padded Woven Jacket which, thanks to PUMA's innovative fabric technology, will help protect you from the wind, rain and cold. Forwarded side seams allow for greater freedom of movement, and the hood has elasticated sides for a better fit. The inner storm flap adds an extra layer of protection against the toughest weather conditions.","['XS', 'XL']"
https://in.puma.com/in/en/pd/mercedes-amg-petronas-f1-neo-cat-2-0-motorsport-sneakers/308525?swatch=01,Mercedes-AMG Petronas F1® Neo Cat 2.0 Motorsport Sneakers,Buy 2 & Get 50% off + Extra 40% Off,"₹6,999","₹3,289",Sneakers,Accelerate your style to F1® speeds. These sleek yet sturdy low-profiles propel you forward in effortless style. A perforated synthetic upper and webbing details give an unmistakable motorsport edge.,"['UK 3', 'UK 4', 'UK 7', 'UK 8', 'UK 9']"
https://in.puma.com/in/en/pd/retaliate-2-running-shoes/377282?swatch=02,Retaliate 2 Running Shoes,Buy 2 & Get 50% off + Extra 40% Off,"₹4,999","₹2,499",Shoes,"The Retaliate 2 Unisex Running Shoe adds a fresh look to our Contemporary Essentials line. The upper features a modern burrito construction in the collar, ensuring a perfect fit and enhancing ease of entry. Bold PUMA branding comes across the midfoot rubber mold. The heel has a unique pull tab and CAT branding. Full length EVA midsole features stylish paint lines and Softfoam sockliner ensures optimal comfort. Zoned rubber on the outsole provides traction.","['UK 6', 'UK 7', 'UK 8', 'UK 9', 'UK 10']"
https://in.puma.com/in/en/pd/flexrate-youth-sneakers/399037?swatch=03,Flexrate Youth Sneakers,Buy 2 & Get 50% off + Extra 40% Off,"₹3,499","₹1,749",Sneakers,"Level up your sneaker game and conquer the streets with the ultra-cool PUMA Flexrate Youth Sneakers. The breathable textile upper keeps your feet cool and fresh. The durable outsole ensures traction on point, while the contrast PUMA formstrip elevates your sportstyle.",['14-Y']
https://in.puma.com/in/en/pd/f1-logo-mens-motorsport-polo/625852?swatch=01,F1 Logo Men's Motorsport Polo,Extra 15% off at checkout,"₹4,499","₹2,249",Polo,This F1® polo is built for the superfan. It is made from a jersey fabric and features a the F1® logo on the front. See you at the next grand prix.,"['S', 'M']"
https://in.puma.com/in/en/pd/classics-mens-polo/628355?swatch=14,Classics Men's Polo,Extra 15% off at checkout,"₹2,499","₹1,239",Polo,"This Men's Polo is perfect for any sports fan or casual wear enthusiast. Featuring a front button placket and ribbed collar, the t-shirt has a a classic Cat logo at chest for maximum impact. Crafted from lightweight and breathable fabric, this t-shirt is designed to keep you cool and comfortable during all your activities and feels great against the skin and won't weigh you down.","['XS', 'S']"
https://in.puma.com/in/en/pd/mercedes-amg-petronas-f1-slipkart-kids-motorsport-sneakers/308435?swatch=02,Mercedes-AMG Petronas F1® Slipkart Kid's Motorsport Sneakers,Buy 2 & Get 50% off + Extra 40% Off,"₹4,499","₹2,249",Sneakers,Ready for adventure! These Mercedes-AMG Petronas F1® Slipkart sneakers let little ones zoom from playtime to the playground. Slip-on and go with hassle-free comfort. They feature a crew badge for fuelling imaginative motorsport dreams.,"['6-Y', '7-Y', '9-Y']"
https://in.puma.com/in/en/pd/hoops-team-mens-basketball-shorts/676629?swatch=07,Hoops Team Men's Basketball Shorts,Extra 15% off at checkout,"₹2,999","₹1,499",Shorts,Warm up like a pro on the hardwood with these basketball shorts.,"['XL', '3XL']"
https://in.puma.com/in/en/pd/robust-running-shoes/194883?swatch=01,Robust Running Shoes,Buy 2 & Get 50% off + Extra 40% Off,"₹4,999","₹2,499",Shoes,"Elevate your stride and make a statement with every step. With a fashionable upper design, these shoes offer a stylish approach to everyday cushioning. The lightweight construction provides optimal comfort for your daily runs.","['UK 7', 'UK 9', 'UK 10', 'UK 11']"
https://in.puma.com/in/en/pd/retaliate-2-running-shoes/377282?swatch=01,Retaliate 2 Running Shoes,Buy 2 & Get 50% off + Extra 40% Off,"₹4,999","₹2,499",Shoes,"The Retaliate 2 Unisex Running Shoe adds a fresh look to our Contemporary Essentials line. The upper features a modern burrito construction in the collar, ensuring a perfect fit and enhancing ease of entry. Bold PUMA branding comes across the midfoot rubber mold. The heel has a unique pull tab and CAT branding. Full length EVA midsole features stylish paint lines and Softfoam sockliner ensures optimal comfort. Zoned rubber on the outsole provides traction.","['UK 6', 'UK 7', 'UK 9', 'UK 10']"
https://in.puma.com/in/en/pd/mapf1-leadcat-2-0-graphic-slides/403164?swatch=02,MAPF1 Leadcat 2.0 Graphic Slides,Buy 2 & Get 50% off + Extra 40% Off,"₹3,499","₹1,749",Slides,"Accelerate down pit lane with this sleek summer essential. These slides feature a bold graphic design inspired by the fast-paced world of Formula 1 racing, making them the perfect choice for any motorsport enthusiast. Soft and cushioned comfort, durable grips and bold graphics channel your inner race driver. Let the chequered flag wave, the competition is in your rear view.","['UK 8', 'UK 11']"
https://in.puma.com/in/en/pd/mercedes-amg-petronas-f1-logo-youth-regular-fit-hoodie/536187?swatch=01,Mercedes AMG Petronas F1 Logo Youth Regular Fit Hoodie,Buy 2 & Get 50% off + Extra 40% Off,"₹3,999","₹1,999",Hoodie,"The Mercedes-AMG Petronas Motorsport F1 Logo Hoodie is a must-buy for the young F1 fans in your life. It's the perfect buddy for F1-watching marathons, with a kangaroo pocket foor stashing trackside snacks and a closed-face, jersey-lined hood to hide behind when the tension gets too much.",['5-6Y']
https://in.puma.com/in/en/pd/mercedes-amg-petronas-youth-polo/623661?swatch=07,Mercedes-AMG PETRONAS Youth Polo,Extra 15% off at checkout,"₹2,999","₹1,559",Polo,"Speed through the weekend in the Mercedes-AMG PETRONAS Youth Polo. Its lightweight, breathable fabric and tailored cut lets young race fans tear up the paddock in comfort and style. Ribbed trims and a snug collar provide a fit worthy of any F1 champion.",['9-10Y']
https://in.puma.com/in/en/pd/mercedes-amg-petronas-motorsport-youth-logo-t-shirt/623662?swatch=07,Mercedes-AMG Petronas Motorsport Youth Logo T-shirt,Buy 2 & Get 50% off + Extra 40% Off,"₹2,299","₹1,259",T-shirt,"To create the highest performing Mercedes-AMG Petronas Motorsport cars, engineers and designers must take cues from the world's best performers: the natural environment. With this collection, we've done the same, offering a clean and organic look, with highlights that pop, and contouring graphics that catch the eye.",['9-10Y']
https://in.puma.com/in/en/pd/mercedes-amg-petronas-f1-mt7-youth-track-jacket/627361?swatch=02,Mercedes-AMG Petronas F1® MT7 Youth Track Jacket,Buy 2 & Get 50% off + Extra 40% Off,"₹4,999","₹2,499",Jacket,"Race into action and show your support for the team. This lightweight track jacket unites fans with its bold styling, contrast colour MT7 stripes, and iconic MAPF1 and PUMA branding emblazoned on the chest. Built for fans on the move, slip into this full-zip jacket and push on.",['9-10Y']
https://in.puma.com/in/en/pd/mercedes-f1-hooded-youth-regular-fit-sweat-jacket/531910?swatch=01,Mercedes F1 Hooded Youth Regular Fit Sweat Jacket,Extra 15% off at checkout,"₹4,999","₹2,499",Jacket,"Full-throttle style for the burgeoning motorsport fanatic: this hooded sweat jacket is a dynamic collision of auto-inspired design details, from twin needle pocket stitching to bold cut lines and panel inserts. Authentic Mercedes-AMG Petronas Motorsport F1 and PUMA branding at the chest set this stylish jacket off to perfection. Made with a combination of Forever Better Initiative cotton and recycled polyester for an all-round reduction in environmental impact.",['7-8Y']
https://in.puma.com/in/en/pd/mens-varsity-graphic-full-zip-sweat-jacket/680869?swatch=22,Men's Varsity Graphic Full-Zip Sweat Jacket,Extra 15% off at checkout,"₹3,999","₹1,999",Jacket,"PUMA has been defining sports since 1948, and what better way to celebrate that heritage than with this retro-inspired gem, the Men's Varsity Graphic Full-Zip Sweat Jacket. This knitted jacket has an slim fit and is decked out in collegiate appeal. The kangaroo pockets offer convenient storage while the rib cuffs provide snug fit.","['M', 'L']"
https://in.puma.com/in/en/pd/knitted-mens-slim-fit-jacket/670230?swatch=07,Knitted Men's Slim Fit Jacket,Extra 15% off at checkout,"₹3,999","₹1,999",Jacket,"Perfect for slipping over your t-shirt right when you're done with the most satisfying workout or if it's a bit chilly, the PUMA Knitted Men's Jacket has got you. Combined with PUMA's moisture-wicking dryCELL technology, and PUMA's subt;e branding, you'll stay feeling cool and fresh all the time.","['M', 'XXL']"
https://in.puma.com/in/en/pd/mercedes-amg-petronas-mens-motorsport-sweat-pants/621151?swatch=01,Mercedes-AMG PETRONAS Men's Motorsport Sweat Pants,Extra 15% off at checkout,"₹6,999","₹3,639",Pants,"A combination of PUMA's unstoppable performance and Mercedes-AMG PETRONAS' polished aesthetic, these sweatpants are specially designed for a true motorsport fan. With a streamlined slim fit and Mercedes-AMG PETRONAS branded details, they also feature two zip pockets for secure storage. Pair them with the matching track jacket for a complete race-day ready look.",['S']
